1,chef
2,Arte
3,chef
1,Ingeniería en Sistemas
5,Ingeniería Electrónica
6,Arquitectura
7,Diseño Gráfico
1,Ingenier�a en Sistemas
5,Ingeniería Electrónica
6,Arquitectura
7,Dise�o Gr�fico
1,Ingeniería en Sistemas
5,Ingeniería Electrónica
6,Arquitectura
7,Diseño Gráfico
1,Ingenier�a en Sistemas
5,Ingeniería Electrónica
6,Arquitectura
7,Dise�o Gr�fico
1,Ingenier�a en Sistemas
5,Ingeniería Electrónica
6,Arquitectura
7,Dise�o Gr�fico
1,Ingenier�a en Sistemas
5,Ingeniería Electrónica
6,Arquitectura
7,Dise�o Gr�fico
1,Ingenier�a en Sistemas
5,Ingeniería Electrónica
6,Arquitectura
7,Dise�o Gr�fico
1,Ingenier�a en Sistemas
5,Ingeniería Electrónica
6,Arquitectura
7,Dise�o Gr�fico
1,Ingenier�a en Sistemas
5,Ingeniería Electrónica
6,Arquitectura
7,Dise�o Gr�fico
1,Ingenier�a en Sistemas
5,Ingeniería Electrónica
6,Arquitectura
7,Dise�o Gr�fico
1,Ingenier�a en Sistemas
5,Ingeniería Electrónica
6,Arquitectura
7,Dise�o Gr�fico
1,Ingenier�a en Sistemas
5,Ingeniería Electrónica
6,Arquitectura
7,Dise�o Gr�fico
1,Ingenier�a en Sistemas
5,Ingeniería Electrónica
6,Arquitectura
7,Dise�o Gr�fico
1,Ingenier�a en Sistemas
5,Ingeniería Electrónica
6,Arquitectura
7,Dise�o Gr�fico
1,Ingeniería en Sistemas
5,Ingeniería Electrónica
6,Arquitectura
7,Diseño Gráfico
1,Ingeniería en Sistemas
5,Ingeniería Electrónica
6,Arquitectura
7,Diseño Gráfico
1,Ingeniería en Sistemas
5,Ingeniería Electrónica
6,Arquitectura
7,Diseño Gráfico
